Kingdom;Phylum;Class;Order;Family;Genus
Bacteria;Proteobacteria;Gammaproteobacteria;Pseudomonadales;Moraxellaceae;Enhydrobacter
Bacteria;Proteobacteria;Gammaproteobacteria;Enterobacterales;Enterobacteriaceae;Escherichia-Shigella
Bacteria;Actinobacteriota;Actinobacteria;Propionibacteriales;Propionibacteriaceae;Cutibacterium
Bacteria;Proteobacteria;Gammaproteobacteria;Burkholderiales;Comamonadaceae;Delftia
Bacteria;Proteobacteria;Alphaproteobacteria;Rhizobiales;Xanthobacteraceae;Bradyrhizobium
Bacteria;Proteobacteria;Gammaproteobacteria;Pseudomonadales;Oleiphilaceae;Oleiphilus
Bacteria;Proteobacteria;Gammaproteobacteria;Xanthomonadales;Xanthomonadaceae;Stenotrophomonas
Bacteria;Firmicutes;Bacilli;Staphylococcales;Staphylococcaceae;Staphylococcus
Bacteria;Proteobacteria;Alphaproteobacteria;Rhizobiales;Beijerinckiaceae;Methylobacterium-Methylorubrum
Bacteria;Bacteroidota;Bacteroidia;Flavobacteriales;Flavobacteriaceae;Aureicoccus
Bacteria;Proteobacteria;Gammaproteobacteria;Arenicellales;Arenicellaceae;Arenicella
Bacteria;Proteobacteria;Gammaproteobacteria;Pseudomonadales;Spongiibacteraceae;BD1-7 clade
Bacteria;Bacteroidota;Bacteroidia;Flavobacteriales;Flavobacteriaceae;Tenacibaculum
Bacteria;Firmicutes;Bacilli;Lactobacillales;Streptococcaceae;Streptococcus
Bacteria;Proteobacteria;Gammaproteobacteria;Burkholderiales;Oxalobacteraceae;Undibacterium
Bacteria;Proteobacteria;Alphaproteobacteria;Rhodobacterales;Rhodobacteraceae;Cognatishimia
Bacteria;Cyanobacteria;Cyanobacteriia;Phormidesmiales;Nodosilineaceae;MBIC10086
Bacteria;Proteobacteria;Alphaproteobacteria;Rhodobacterales;Rhodobacteraceae;Marivivens
Bacteria;Proteobacteria;Alphaproteobacteria;Sphingomonadales;Sphingomonadaceae;Erythrobacter
Bacteria;Actinobacteriota;Actinobacteria;Corynebacteriales;Corynebacteriaceae;Corynebacterium
Bacteria;Proteobacteria;Alphaproteobacteria;Sphingomonadales;Sphingomonadaceae;Sphingomonas
Bacteria;Proteobacteria;Gammaproteobacteria;Pseudomonadales;Alcanivoracaceae1;Alcanivorax
Bacteria;Proteobacteria;Alphaproteobacteria;Rhizobiales;Rhizobiaceae;Pseudahrensia
Bacteria;Proteobacteria;Gammaproteobacteria;Burkholderiales;Burkholderiaceae;Ralstonia
Bacteria;Bacteroidota;Bacteroidia;Flavobacteriales;Flavobacteriaceae;Aquibacter
Bacteria;Actinobacteriota;Actinobacteria;Micrococcales;Micrococcaceae;Micrococcus
Bacteria;Acidobacteriota;Blastocatellia;Blastocatellales;Blastocatellaceae;Blastocatella
Bacteria;Proteobacteria;Alphaproteobacteria;Rhizobiales;Xanthobacteraceae;Afipia
Bacteria;Bacteroidota;Bacteroidia;Flavobacteriales;Flavobacteriaceae;Pseudofulvibacter
Bacteria;Bacteroidota;Bacteroidia;Flavobacteriales;Crocinitomicaceae;Salinirepens
Bacteria;Proteobacteria;Gammaproteobacteria;Pseudomonadales;Saccharospirillaceae;Oleibacter
Bacteria;Proteobacteria;Gammaproteobacteria;Burkholderiales;Comamonadaceae;Xylophilus
Bacteria;Planctomycetota;Phycisphaerae;Phycisphaerales;Phycisphaeraceae;Urania-1B-19 marine sediment group
Bacteria;Proteobacteria;Gammaproteobacteria;Burkholderiales;Comamonadaceae;Kinneretia
Bacteria;Proteobacteria;Gammaproteobacteria;Pseudomonadales;Moraxellaceae;Acinetobacter
Bacteria;Bacteroidota;Bacteroidia;Flavobacteriales;Flavobacteriaceae;Winogradskyella
Bacteria;Proteobacteria;Alphaproteobacteria;Rhizobiales;Rhizobiales Incertae Sedis;Phreatobacter
Bacteria;Bacteroidota;Bacteroidia;Chitinophagales;Chitinophagaceae;Vibrionimonas
Bacteria;Bacteroidota;Bacteroidia;Flavobacteriales;Crocinitomicaceae;Fluviicola
Bacteria;Actinobacteriota;Actinobacteria;Corynebacteriales;Corynebacteriaceae;Turicella
Bacteria;Cyanobacteria;Cyanobacteriia;Cyanobacteriales;Chroococcidiopsaceae;Crinalium SAG 22.89
Bacteria;Bacteroidota;Bacteroidia;Chitinophagales;Chitinophagaceae;Asinibacterium
Bacteria;Firmicutes;Bacilli;Lactobacillales;Lactobacillaceae;Lactobacillus
Bacteria;Actinobacteriota;Acidimicrobiia;Microtrichales;Microtrichaceae;Sva0996 marine group
Bacteria;Bacteroidota;Bacteroidia;Flavobacteriales;Flavobacteriaceae;Aurantivirga
Bacteria;Proteobacteria;Alphaproteobacteria;Rhodobacterales;Rhodobacteraceae;Planktotalea
Bacteria;Bacteroidota;Bacteroidia;Flavobacteriales;Weeksellaceae;Moheibacter
Bacteria;Proteobacteria;Gammaproteobacteria;Enterobacterales;Pasteurellaceae;Haemophilus
Bacteria;Verrucomicrobiota;Verrucomicrobiae;Verrucomicrobiales;Rubritaleaceae;Rubritalea
Bacteria;Bdellovibrionota;Bdellovibrionia;Bacteriovoracales;Bacteriovoracaceae;Peredibacter
Bacteria;Proteobacteria;Alphaproteobacteria;Rhodobacterales;Rhodobacteraceae;Albimonas
Bacteria;Proteobacteria;Alphaproteobacteria;Rhodobacterales;Rhodobacteraceae;Ruegeria
Bacteria;Proteobacteria;Gammaproteobacteria;Arenicellales;Arenicellaceae;HTCC5015
Bacteria;Cyanobacteria;Cyanobacteriia;Cyanobacteriales;Cyanobacteriaceae;Symphothece PCC-7002
Bacteria;Bacteroidota;Bacteroidia;Flavobacteriales;Flavobacteriaceae;Muricauda
Bacteria;Proteobacteria;Alphaproteobacteria;Rhodobacterales;Rhodobacteraceae;Loktanella
Bacteria;Proteobacteria;Gammaproteobacteria;Enterobacterales;Alteromonadaceae;Aestuariibacter
Bacteria;Bacteroidota;Bacteroidia;Flavobacteriales;Flavobacteriaceae;Aquimarina
Bacteria;Proteobacteria;Gammaproteobacteria;Enterobacterales;Pseudoalteromonadaceae;Pseudoalteromonas
Bacteria;Bacteroidota;Bacteroidia;Chitinophagales;Saprospiraceae;Aureispira
Bacteria;Actinobacteriota;Actinobacteria;Corynebacteriales;Dietziaceae;Dietzia
Bacteria;Bacteroidota;Bacteroidia;Cytophagales;Cyclobacteriaceae;Fabibacter
Bacteria;Verrucomicrobiota;Verrucomicrobiae;Opitutales;Puniceicoccaceae;Lentimonas
Bacteria;Proteobacteria;Alphaproteobacteria;Rhodobacterales;Rhodobacteraceae;Paracoccus
Bacteria;Bacteroidota;Bacteroidia;Cytophagales;Cyclobacteriaceae;Marinoscillum
Bacteria;Proteobacteria;Gammaproteobacteria;Burkholderiales;Alcaligenaceae;Alcaligenes
Bacteria;Proteobacteria;Gammaproteobacteria;Burkholderiales;Oxalobacteraceae;Massilia
Bacteria;Bacteroidota;Bacteroidia;Flavobacteriales;Flavobacteriaceae;Spongiivirga
Bacteria;Proteobacteria;Alphaproteobacteria;Rhodobacterales;Rhodobacteraceae;Roseovarius
Bacteria;Proteobacteria;Gammaproteobacteria;Xanthomonadales;Rhodanobacteraceae;Rudaea
Bacteria;Verrucomicrobiota;Verrucomicrobiae;Verrucomicrobiales;Rubritaleaceae;Luteolibacter
Bacteria;Bacteroidota;Bacteroidia;Cytophagales;Cyclobacteriaceae;Ekhidna
Bacteria;Proteobacteria;Gammaproteobacteria;Pseudomonadales;Marinobacteraceae;Marinobacter
Bacteria;Proteobacteria;Gammaproteobacteria;Enterobacterales;Vibrionaceae;Photobacterium
Bacteria;Actinobacteriota;Actinobacteria;Corynebacteriales;Corynebacteriaceae;Lawsonella
Bacteria;Firmicutes;Bacilli;Lactobacillales;Lactobacillaceae;Lactiplantibacillus
Bacteria;Bacteroidota;Bacteroidia;Flavobacteriales;Weeksellaceae;Chryseobacterium
Bacteria;Firmicutes;Bacilli;Lactobacillales;Listeriaceae;Brochothrix
Bacteria;Verrucomicrobiota;Verrucomicrobiae;Opitutales;Puniceicoccaceae;Coraliomargarita
Bacteria;Actinobacteriota;Actinobacteria;Micrococcales;Cellulomonadaceae;Cellulomonas
Bacteria;Proteobacteria;Alphaproteobacteria;Rhodobacterales;Rhodobacteraceae;Defluviimonas
Bacteria;Bacteroidota;Bacteroidia;Bacteroidales;Prolixibacteraceae;Roseimarinus
Bacteria;Bacteroidota;Bacteroidia;Flavobacteriales;Flavobacteriaceae;NS2b marine group
Bacteria;Cyanobacteria;Cyanobacteriia;Phormidesmiales;Phormidesmiaceae;Acrophormium PCC-7375
Bacteria;Bacteroidota;Bacteroidia;Flavobacteriales;Schleiferiaceae;Schleiferia
Bacteria;Bacteroidota;Bacteroidia;Chitinophagales;Saprospiraceae;Saprospira
Bacteria;Bacteroidota;Bacteroidia;Flavobacteriales;Flavobacteriaceae;Zeaxanthinibacter
Bacteria;Proteobacteria;Alphaproteobacteria;Rhizobiales;Beijerinckiaceae;Bosea
Bacteria;Proteobacteria;Alphaproteobacteria;Caulobacterales;Hyphomonadaceae;Maricaulis
Bacteria;Proteobacteria;Gammaproteobacteria;Pseudomonadales;Halieaceae;Halioglobus
Bacteria;Actinobacteriota;Actinobacteria;Micrococcales;Micrococcaceae;Kocuria
Bacteria;Proteobacteria;Alphaproteobacteria;Sphingomonadales;Sphingomonadaceae;Altererythrobacter
Bacteria;Firmicutes;Bacilli;Lactobacillales;Lactobacillaceae;Leuconostoc
Bacteria;Bdellovibrionota;Bdellovibrionia;Bdellovibrionales;Bdellovibrionaceae;Bdellovibrio
Bacteria;Firmicutes;Bacilli;Lactobacillales;Streptococcaceae;Lactococcus
Bacteria;Proteobacteria;Gammaproteobacteria;Enterobacterales;Vibrionaceae;Thaumasiovibrio
Bacteria;Proteobacteria;Gammaproteobacteria;Pseudomonadales;Halomonadaceae;Halomonas
Bacteria;Bacteroidota;Bacteroidia;Chitinophagales;Saprospiraceae;Portibacter
Bacteria;Proteobacteria;Alphaproteobacteria;Rhodobacterales;Rhodobacteraceae;Shimia
Bacteria;Cyanobacteria;Vampirivibrionia;Obscuribacterales;Obscuribacteraceae;Candidatus Obscuribacter
Bacteria;Bacteroidota;Bacteroidia;Cytophagales;Cyclobacteriaceae;Reichenbachiella
Bacteria;Firmicutes;Bacilli;Lactobacillales;Carnobacteriaceae;Alloiococcus
Bacteria;Actinobacteriota;Acidimicrobiia;Microtrichales;Ilumatobacteraceae;Ilumatobacter
Bacteria;Actinobacteriota;Actinobacteria;Micrococcales;Microbacteriaceae;Microbacterium
Bacteria;Bacteroidota;Bacteroidia;Flavobacteriales;Flavobacteriaceae;Flavicella
Bacteria;Actinobacteriota;Actinobacteria;Corynebacteriales;Nocardiaceae;Rhodococcus
Bacteria;Verrucomicrobiota;Lentisphaeria;Lentisphaerales;Lentisphaeraceae;Lentisphaera
Bacteria;Bacteroidota;Bacteroidia;Flavobacteriales;Flavobacteriaceae;Gilvibacter
Bacteria;Proteobacteria;Alphaproteobacteria;Rhodobacterales;Rhodobacteraceae;Actibacterium
Bacteria;Bacteroidota;Bacteroidia;Chitinophagales;Saprospiraceae;Lewinella
Bacteria;Proteobacteria;Alphaproteobacteria;Rhizobiales;Stappiaceae;Labrenzia
Bacteria;Proteobacteria;Gammaproteobacteria;Enterobacterales;Vibrionaceae;Vibrio
Bacteria;Proteobacteria;Gammaproteobacteria;Pseudomonadales;Halomonadaceae;Cobetia
Bacteria;Proteobacteria;Alphaproteobacteria;Caulobacterales;Caulobacteraceae;Brevundimonas
Bacteria;Cyanobacteria;Cyanobacteriia;Synechococcales;Cyanobiaceae;Synechococcus CC9902
Bacteria;Proteobacteria;Alphaproteobacteria;Rhodobacterales;Rhodobacteraceae;Silicimonas
Bacteria;Bacteroidota;Bacteroidia;Cytophagales;Cyclobacteriaceae;Persicobacter
Bacteria;Firmicutes;Clostridia;Peptostreptococcales-Tissierellales;Family XI;Finegoldia
Bacteria;Proteobacteria;Gammaproteobacteria;Steroidobacterales;Woeseiaceae;Woeseia
Bacteria;Firmicutes;Bacilli;Lactobacillales;Carnobacteriaceae;Granulicatella
Bacteria;Actinobacteriota;Actinobacteria;Micrococcales;Micrococcaceae;Rothia
Bacteria;Firmicutes;Bacilli;Staphylococcales;Gemellaceae;Gemella
Bacteria;Fusobacteriota;Fusobacteriia;Fusobacteriales;Fusobacteriaceae;Propionigenium
Bacteria;Proteobacteria;Gammaproteobacteria;Pseudomonadales;Halieaceae;Parahaliea
Bacteria;Proteobacteria;Alphaproteobacteria;Rhodobacterales;Rhodobacteraceae;HIMB11
Bacteria;Bacteroidota;Rhodothermia;Balneolales;Balneolaceae;Balneola
Bacteria;Proteobacteria;Alphaproteobacteria;Rhizobiales;Hyphomicrobiaceae;Filomicrobium
Bacteria;Proteobacteria;Gammaproteobacteria;Piscirickettsiales;Piscirickettsiaceae;Candidatus Endoecteinascidia
Bacteria;Proteobacteria;Alphaproteobacteria;Puniceispirillales;SAR116 clade;Candidatus Puniceispirillum
Bacteria;Firmicutes;Clostridia;Peptostreptococcales-Tissierellales;Peptostreptococcaceae;Romboutsia
Bacteria;Proteobacteria;Gammaproteobacteria;Enterobacterales;Vibrionaceae;Catenococcus
Bacteria;Proteobacteria;Alphaproteobacteria;Caulobacterales;Hyphomonadaceae;Hellea
Bacteria;Planctomycetota;Planctomycetes;Pirellulales;Pirellulaceae;Blastopirellula
Bacteria;Actinobacteriota;Thermoleophilia;Solirubrobacterales;Solirubrobacteraceae;Solirubrobacter
Bacteria;Proteobacteria;Gammaproteobacteria;Enterobacterales;Alteromonadaceae;Salinimonas
Bacteria;Planctomycetota;Planctomycetes;Pirellulales;Pirellulaceae;Rubripirellula
Bacteria;Proteobacteria;Gammaproteobacteria;Pseudomonadales;Saccharospirillaceae;Oleispira
Bacteria;Bacteroidota;Bacteroidia;Bacteroidales;Porphyromonadaceae;Porphyromonas
Bacteria;Actinobacteriota;Actinobacteria;Micrococcales;Dermabacteraceae;Brachybacterium
Bacteria;Verrucomicrobiota;Verrucomicrobiae;Opitutales;Puniceicoccaceae;Cerasicoccus
Bacteria;Calditrichota;Calditrichia;Calditrichales;Calditrichaceae;Calorithrix
Bacteria;Bacteroidota;Bacteroidia;Flavobacteriales;Flavobacteriaceae;Dokdonia
Bacteria;Proteobacteria;Gammaproteobacteria;Pseudomonadales;Spongiibacteraceae;Dasania
Bacteria;Bacteroidota;Bacteroidia;Flavobacteriales;Flavobacteriaceae;Aureisphaera
Bacteria;Actinobacteriota;Actinobacteria;Micrococcales;Dermacoccaceae;Kytococcus
Bacteria;Bacteroidota;Bacteroidia;Flavobacteriales;Crocinitomicaceae;Crocinitomix
Bacteria;Bacteroidota;Bacteroidia;Flavobacteriales;Flavobacteriaceae;Actibacter
Bacteria;Cyanobacteria;Cyanobacteriia;Synechococcales;Synechococcales Incertae Sedis;Schizothrix LEGE 07164
Bacteria;Proteobacteria;Gammaproteobacteria;Enterobacterales;Alteromonadaceae;Agaribacter
Bacteria;Bacteroidota;Bacteroidia;Flavobacteriales;Flavobacteriaceae;Lutimonas
Bacteria;Firmicutes;Bacilli;Staphylococcales;Staphylococcaceae;Salinicoccus
Bacteria;Cyanobacteria;Cyanobacteriia;Cyanobacteriales;Xenococcaceae;Chroococcidiopsis PCC-6712
Bacteria;Planctomycetota;Planctomycetes;Planctomycetales;Rubinisphaeraceae;Fuerstia
Bacteria;Firmicutes;Clostridia;Clostridiales;Clostridiaceae;Clostridium sensu stricto 1
Bacteria;Proteobacteria;Gammaproteobacteria;Pseudomonadales;Saccharospirillaceae;Thalassolituus
Bacteria;Bacteroidota;Bacteroidia;Flavobacteriales;Flavobacteriaceae;Muriicola
Bacteria;Proteobacteria;Alphaproteobacteria;Reyranellales;Reyranellaceae;Reyranella
Bacteria;Bacteroidota;Bacteroidia;Bacteroidales;Marinifilaceae;Marinifilum
Bacteria;Proteobacteria;Gammaproteobacteria;Enterobacterales;Psychromonadaceae;Agarivorans
Bacteria;Cyanobacteria;Cyanobacteriia;Phormidesmiales;Phormidesmiaceae;Phormidesmis ANT.LACV5.1
Bacteria;Cyanobacteria;Cyanobacteriia;Synechococcales;Cyanobiaceae;Prochlorococcus MIT9313
Bacteria;Verrucomicrobiota;Verrucomicrobiae;Verrucomicrobiales;Rubritaleaceae;Persicirhabdus
Bacteria;Proteobacteria;Alphaproteobacteria;Rickettsiales;Fokiniaceae;MD3-55
Bacteria;Proteobacteria;Alphaproteobacteria;Rhodobacterales;Rhodobacteraceae;Halovulum
Bacteria;Proteobacteria;Gammaproteobacteria;Enterobacterales;Alteromonadaceae;Gayadomonas
Bacteria;Proteobacteria;Gammaproteobacteria;Pseudomonadales;Porticoccaceae;C1-B045
Bacteria;Bacteroidota;Bacteroidia;Cytophagales;Spirosomaceae;Dyadobacter
Bacteria;Proteobacteria;Gammaproteobacteria;Burkholderiales;Comamonadaceae;Pseudorhodoferax
Bacteria;Deinococcota;Deinococci;Deinococcales;Deinococcaceae;Deinococcus
Bacteria;Bacteroidota;Bacteroidia;Bacteroidales;Prevotellaceae;Prevotella
Bacteria;Proteobacteria;Alphaproteobacteria;Rhodobacterales;Rhodobacteraceae;Lacimonas
Bacteria;Bacteroidota;Bacteroidia;Flavobacteriales;Cryomorphaceae;NS10 marine group
Bacteria;Proteobacteria;Gammaproteobacteria;Cardiobacteriales;Wohlfahrtiimonadaceae;Wohlfahrtiimonas
Bacteria;Actinobacteriota;Actinobacteria;Micrococcales;Microbacteriaceae;Leucobacter
Bacteria;Proteobacteria;Alphaproteobacteria;Rhodobacterales;Rhodobacteraceae;Litorimicrobium
Bacteria;Firmicutes;Bacilli;Lactobacillales;Lactobacillaceae;Weissella
Bacteria;Actinobacteriota;Actinobacteria;Corynebacteriales;Nocardiaceae;Gordonia
Bacteria;Bacteroidota;Bacteroidia;Flavobacteriales;Flavobacteriaceae;Wenyingzhuangia
Bacteria;Spirochaetota;Spirochaetia;Spirochaetales;Spirochaetaceae;Treponema
Bacteria;Proteobacteria;Gammaproteobacteria;Pseudomonadales;Cellvibrionaceae;Eionea
Bacteria;Bacteroidota;Bacteroidia;Flavobacteriales;Flavobacteriaceae;NS4 marine group
Bacteria;Deinococcota;Deinococci;Deinococcales;Trueperaceae;Truepera
Bacteria;Bacteroidota;Bacteroidia;Flavobacteriales;Flavobacteriaceae;Mangrovimonas
Bacteria;Proteobacteria;Alphaproteobacteria;Acetobacterales;Acetobacteraceae;Roseomonas
Bacteria;Actinobacteriota;Actinobacteria;Micrococcales;Dermacoccaceae;Dermacoccus
Bacteria;Actinobacteriota;Actinobacteria;Propionibacteriales;Nocardioidaceae;Nocardioides
Bacteria;Proteobacteria;Gammaproteobacteria;Pseudomonadales;Halieaceae;Haliea
Bacteria;Proteobacteria;Gammaproteobacteria;Pseudomonadales;Pseudomonadaceae;Pseudomonas
Bacteria;Actinobacteriota;Actinobacteria;Actinomycetales;Actinomycetaceae;Actinomyces
Bacteria;Firmicutes;Bacilli;Bacillales;Bacillaceae;Bacillus
Bacteria;Actinobacteriota;Coriobacteriia;Coriobacteriales;Atopobiaceae;Atopobium
Bacteria;Cyanobacteria;Cyanobacteriia;Phormidesmiales;Nodosilineaceae;Leptolyngbya PCC-6406
Bacteria;Proteobacteria;Gammaproteobacteria;Pseudomonadales;Halieaceae;OM60(NOR5) clade
Bacteria;Proteobacteria;Alphaproteobacteria;Rhodobacterales;Rhodobacteraceae;Amaricoccus
Bacteria;Bacteroidota;Bacteroidia;Chitinophagales;Saprospiraceae;Phaeodactylibacter
Bacteria;Verrucomicrobiota;Verrucomicrobiae;Verrucomicrobiales;Rubritaleaceae;Roseibacillus
Bacteria;Proteobacteria;Alphaproteobacteria;Rhizobiales;Rhizobiaceae;Allorhizobium-Neorhizobium-Pararhizobium-Rhizobium
Bacteria;Bacteroidota;Bacteroidia;Flavobacteriales;Flavobacteriaceae;Aureitalea
Bacteria;Acidobacteriota;Thermoanaerobaculia;Thermoanaerobaculales;Thermoanaerobaculaceae;Subgroup 10
Bacteria;Bacteroidota;Bacteroidia;Flavobacteriales;Flavobacteriaceae;Ulvibacter
Bacteria;Firmicutes;Bacilli;Lactobacillales;Carnobacteriaceae;Atopostipes
Bacteria;Proteobacteria;Gammaproteobacteria;Pseudomonadales;Cellvibrionaceae;Agaribacterium
Bacteria;Desulfobacterota;Desulfobacteria;Desulfobacterales;Desulfobacteraceae;Candidatus Desulfamplus
Bacteria;Bacteroidota;Bacteroidia;Flavobacteriales;Flavobacteriaceae;Lutibacter
Bacteria;Proteobacteria;Gammaproteobacteria;Pseudomonadales;Moraxellaceae;Psychrobacter
Bacteria;Planctomycetota;Planctomycetes;Pirellulales;Pirellulaceae;Rhodopirellula
Bacteria;Proteobacteria;Gammaproteobacteria;Burkholderiales;Neisseriaceae;Neisseria
Bacteria;Bacteroidota;Bacteroidia;Flavobacteriales;Flavobacteriaceae;NS5 marine group
Bacteria;Bdellovibrionota;Bdellovibrionia;Bdellovibrionales;Bdellovibrionaceae;OM27 clade
Bacteria;Firmicutes;Negativicutes;Veillonellales-Selenomonadales;Veillonellaceae;Veillonella
Bacteria;Bacteroidota;Bacteroidia;Cytophagales;Flammeovirgaceae;Sediminitomix
Bacteria;Bacteroidota;Bacteroidia;Flavobacteriales;Weeksellaceae;Cloacibacterium
Bacteria;Bacteroidota;Bacteroidia;Cytophagales;Spirosomaceae;Spirosoma
Bacteria;Bacteroidota;Bacteroidia;Flavobacteriales;Flavobacteriaceae;Flavobacterium
Bacteria;Bacteroidota;Bacteroidia;Flavobacteriales;Flavobacteriaceae;Kordia
Bacteria;Planctomycetota;Phycisphaerae;Phycisphaerales;Phycisphaeraceae;CL500-3
Bacteria;Bacteroidota;Bacteroidia;Flavobacteriales;Flavobacteriaceae;Maritimimonas
Bacteria;Proteobacteria;Gammaproteobacteria;Burkholderiales;Comamonadaceae;Tepidimonas
Bacteria;Proteobacteria;Alphaproteobacteria;Caulobacterales;Parvularculaceae;Parvularcula
Bacteria;Acidobacteriota;Thermoanaerobaculia;Thermoanaerobaculales;Thermoanaerobaculaceae;Subgroup 23
Bacteria;Acidobacteriota;Holophagae;Acanthopleuribacterales;Acanthopleuribacteraceae;Acanthopleuribacter
Bacteria;Actinobacteriota;Acidimicrobiia;Microtrichales;Iamiaceae;Iamia
Bacteria;Planctomycetota;Planctomycetes;Pirellulales;Pirellulaceae;Pirellula
Bacteria;Fusobacteriota;Fusobacteriia;Fusobacteriales;Fusobacteriaceae;Fusobacterium
Bacteria;Firmicutes;Bacilli;Lactobacillales;Carnobacteriaceae;Carnobacterium
Bacteria;Cyanobacteria;Cyanobacteriia;Limnotrichales;Limnotrichaceae;Limnothrix
Bacteria;Bacteroidota;Bacteroidia;Cytophagales;Flammeovirgaceae;Flammeovirga
Bacteria;Proteobacteria;Alphaproteobacteria;Rhodobacterales;Rhodobacteraceae;Oceanicola
Bacteria;Bacteroidota;Bacteroidia;Flavobacteriales;Flavobacteriaceae;Aurantiacicella
Bacteria;Bacteroidota;Rhodothermia;Balneolales;Balneolaceae;B2706-C7
Bacteria;Proteobacteria;Alphaproteobacteria;Rhodobacterales;Rhodobacteraceae;Cribrihabitans
Bacteria;Bacteroidota;Bacteroidia;Cytophagales;Amoebophilaceae;Candidatus Amoebophilus
Bacteria;Bacteroidota;Bacteroidia;Flavobacteriales;Flavobacteriaceae;Psychroflexus
Bacteria;Proteobacteria;Gammaproteobacteria;Pseudomonadales;Cellvibrionaceae;Candidatus Endobugula
Bacteria;Proteobacteria;Alphaproteobacteria;Rhodobacterales;Rhodobacteraceae;Dinoroseobacter
Bacteria;Proteobacteria;Alphaproteobacteria;Thalassobaculales;Thalassobaculaceae;Thalassobaculum
Bacteria;Proteobacteria;Gammaproteobacteria;Granulosicoccales;Granulosicoccaceae;Granulosicoccus
Bacteria;Cyanobacteria;Cyanobacteriia;Eurycoccales;Eurycoccales Incertae Sedis;Synechococcus PCC-7336
Bacteria;Proteobacteria;Alphaproteobacteria;Rhizobiales;Rhizobiaceae;Hoeflea
Bacteria;Planctomycetota;Planctomycetes;Pirellulales;Pirellulaceae;Pir4 lineage
Bacteria;Proteobacteria;Gammaproteobacteria;Gammaproteobacteria Incertae Sedis;Unknown Family;Acidibacter
Bacteria;Bacteroidota;Bacteroidia;Bacteroidales;Tannerellaceae;Macellibacteroides
Bacteria;Verrucomicrobiota;Verrucomicrobiae;Pedosphaerales;Pedosphaeraceae;SCGC AAA164-E04
Bacteria;Fusobacteriota;Fusobacteriia;Fusobacteriales;Leptotrichiaceae;Leptotrichia
Bacteria;Proteobacteria;Alphaproteobacteria;Rhodobacterales;Rhodobacteraceae;Roseobacter clade CHAB-I-5 lineage
Bacteria;Planctomycetota;Phycisphaerae;Phycisphaerales;Phycisphaeraceae;SM1A02
Bacteria;Proteobacteria;Alphaproteobacteria;Rhizobiales;Rhizobiaceae;Paenochrobactrum
Bacteria;Planctomycetota;Phycisphaerae;Phycisphaerales;Phycisphaeraceae;Phycisphaera
Bacteria;Proteobacteria;Gammaproteobacteria;Burkholderiales;Comamonadaceae;Paucibacter
Bacteria;Proteobacteria;Gammaproteobacteria;Burkholderiales;Comamonadaceae;Aquabacterium
Bacteria;Proteobacteria;Alphaproteobacteria;Kordiimonadales;Kordiimonadaceae;Kordiimonas
Bacteria;Verrucomicrobiota;Kiritimatiellae;Kiritimatiellales;Kiritimatiellaceae;R76-B128
Bacteria;Fusobacteriota;Fusobacteriia;Fusobacteriales;Fusobacteriaceae;Cetobacterium
Bacteria;Cyanobacteria;Cyanobacteriia;Cyanobacteriales;Xenococcaceae;Xenococcus PCC-7305
Bacteria;Proteobacteria;Alphaproteobacteria;Rhodobacterales;Rhodobacteraceae;Thalassococcus
Bacteria;Proteobacteria;Alphaproteobacteria;Rhodobacterales;Rhodobacteraceae;Octadecabacter
Bacteria;Proteobacteria;Alphaproteobacteria;Caulobacterales;Hyphomonadaceae;Woodsholea
Bacteria;Cyanobacteria;Cyanobacteriia;Cyanobacteriales;Xenococcaceae;Pleurocapsa PCC-7319
Bacteria;Proteobacteria;Gammaproteobacteria;Pseudomonadales;Saccharospirillaceae;Oceaniserpentilla
Bacteria;Actinobacteriota;Actinobacteria;Micrococcales;Intrasporangiaceae;Knoellia
Bacteria;Proteobacteria;Alphaproteobacteria;Rhodobacterales;Rhodobacteraceae;Nautella
Bacteria;Proteobacteria;Alphaproteobacteria;Rhodobacterales;Rhodobacteraceae;Salinihabitans
Bacteria;Proteobacteria;Alphaproteobacteria;Rhizobiales;Rhizobiaceae;Pseudochrobactrum
Bacteria;Proteobacteria;Alphaproteobacteria;Rhodobacterales;Rhodobacteraceae;Pseudoruegeria
Bacteria;Proteobacteria;Alphaproteobacteria;Sphingomonadales;Sphingomonadaceae;Sphingorhabdus
Bacteria;Proteobacteria;Gammaproteobacteria;Nitrosococcales;Nitrosococcaceae;Cm1-21
Bacteria;Proteobacteria;Alphaproteobacteria;Rhodobacterales;Rhodobacteraceae;Pseudaestuariivita
Bacteria;Proteobacteria;Gammaproteobacteria;Enterobacterales;Psychromonadaceae;Psychromonas
Bacteria;Proteobacteria;Gammaproteobacteria;Pseudomonadales;Saccharospirillaceae;Reinekea
Bacteria;Proteobacteria;Alphaproteobacteria;Rhizobiales;Xanthobacteraceae;Rhodopseudomonas
Bacteria;Actinobacteriota;Actinobacteria;Micrococcales;Microbacteriaceae;Agrococcus
Bacteria;Spirochaetota;Spirochaetia;Spirochaetales;Spirochaetaceae;Spirochaeta 2
Bacteria;Firmicutes;Bacilli;Staphylococcales;Staphylococcaceae;Auricoccus-Abyssicoccus
Bacteria;Proteobacteria;Gammaproteobacteria;Enterobacterales;Colwelliaceae;Thalassotalea
Bacteria;Proteobacteria;Gammaproteobacteria;Xanthomonadales;Xanthomonadaceae;Pseudoxanthomonas
Bacteria;Proteobacteria;Alphaproteobacteria;Rhodospirillales;Magnetospiraceae;Magnetospira
Bacteria;Bacteroidota;Bacteroidia;Flavobacteriales;Flavobacteriaceae;Algitalea
Bacteria;Proteobacteria;Alphaproteobacteria;Rhodobacterales;Rhodobacteraceae;Limibaculum
Bacteria;Proteobacteria;Alphaproteobacteria;Rhodobacterales;Rhodobacteraceae;Celeribacter
Bacteria;Proteobacteria;Gammaproteobacteria;Burkholderiales;Neisseriaceae;Conchiformibius
Bacteria;Proteobacteria;Gammaproteobacteria;Pseudomonadales;Halieaceae;Congregibacter
Bacteria;Desulfobacterota;Desulfobacteria;Desulfobacterales;Desulfosarcinaceae;Sva0081 sediment group
Bacteria;Proteobacteria;Gammaproteobacteria;Enterobacterales;Moritellaceae;Paramoritella
Bacteria;Firmicutes;Clostridia;Oscillospirales;Oscillospiraceae;UCG-005
Bacteria;Cyanobacteria;Cyanobacteriia;Phormidesmiales;Nodosilineaceae;Halomicronema TFEP1
Bacteria;Bacteroidota;Bacteroidia;Flavobacteriales;Flavobacteriaceae;Croceibacter
Bacteria;Proteobacteria;Alphaproteobacteria;Rhodobacterales;Rhodobacteraceae;Litoreibacter
Bacteria;Proteobacteria;Gammaproteobacteria;Arenicellales;Arenicellaceae;Perspicuibacter
Bacteria;Cyanobacteria;Cyanobacteriia;Cyanobacteriales;Coleofasciculaceae;Caldora VP642b
Bacteria;Proteobacteria;Alphaproteobacteria;Rickettsiales;Rickettsiaceae;Candidatus Megaira
Bacteria;Bacteroidota;Bacteroidia;Bacteroidales;Rikenellaceae;Alistipes
Bacteria;Proteobacteria;Alphaproteobacteria;Rhodobacterales;Rhodobacteraceae;Roseobacter clade Marinomonas lineage
Bacteria;Bacteroidota;Bacteroidia;Bacteroidales;Prevotellaceae;Alloprevotella
Bacteria;Proteobacteria;Gammaproteobacteria;Burkholderiales;Alcaligenaceae;Paenalcaligenes
Bacteria;Actinobacteriota;Actinobacteria;Micrococcales;Microbacteriaceae;Rathayibacter
Bacteria;Actinobacteriota;Actinobacteria;Bifidobacteriales;Bifidobacteriaceae;Gardnerella
Bacteria;Firmicutes;Clostridia;Peptostreptococcales-Tissierellales;Family XI;Anaerococcus
Bacteria;Proteobacteria;Gammaproteobacteria;Coxiellales;Coxiellaceae;Coxiella
Bacteria;Verrucomicrobiota;Verrucomicrobiae;Pedosphaerales;Pedosphaeraceae;DEV008
Bacteria;Proteobacteria;Gammaproteobacteria;Xanthomonadales;Xanthomonadaceae;Thermomonas
Bacteria;Actinobacteriota;Actinobacteria;Micrococcales;Microbacteriaceae;Leifsonia
Bacteria;Firmicutes;Clostridia;Peptostreptococcales-Tissierellales;Family XI;Peptoniphilus
Bacteria;Firmicutes;Bacilli;Lactobacillales;Enterococcaceae;Enterococcus
Bacteria;Bacteroidota;Bacteroidia;Bacteroidales;Prevotellaceae;Prevotella_7
Bacteria;Bacteroidota;Bacteroidia;Flavobacteriales;Cryomorphaceae;Vicingus
Bacteria;Bacteroidota;Bacteroidia;Flavobacteriales;Flavobacteriaceae;Ochrovirga
Bacteria;Bacteroidota;Bacteroidia;Flavobacteriales;Flavobacteriaceae;Seonamhaeicola
Bacteria;Verrucomicrobiota;Chlamydiae;Chlamydiales;Simkaniaceae;Candidatus Fritschea
Bacteria;Proteobacteria;Alphaproteobacteria;Rhodobacterales;Rhodobacteraceae;Maritimibacter
Bacteria;Proteobacteria;Gammaproteobacteria;Enterobacterales;Morganellaceae;Providencia
Bacteria;Proteobacteria;Alphaproteobacteria;Rhodobacterales;Rhodobacteraceae;Marinibacterium
Bacteria;Proteobacteria;Alphaproteobacteria;Acetobacterales;Acetobacteraceae;Acetobacter
Bacteria;Proteobacteria;Alphaproteobacteria;Caulobacterales;Caulobacteraceae;Caulobacter
Bacteria;Bacteroidota;Bacteroidia;Cytophagales;Cyclobacteriaceae;Fulvivirga
Bacteria;Proteobacteria;Alphaproteobacteria;Rhodobacterales;Rhodobacteraceae;Pseudooceanicola
Bacteria;Proteobacteria;Gammaproteobacteria;Pseudomonadales;Endozoicomonadaceae;Endozoicomonas
Bacteria;Proteobacteria;Alphaproteobacteria;Rhodobacterales;Rhodobacteraceae;Pseudooctadecabacter
Bacteria;Proteobacteria;Gammaproteobacteria;Enterobacterales;Pseudoalteromonadaceae;Algicola
Bacteria;Proteobacteria;Alphaproteobacteria;Rhizobiales;Devosiaceae;Cucumibacter
Bacteria;Bacteroidota;Bacteroidia;Flavobacteriales;Flavobacteriaceae;Capnocytophaga
Bacteria;Proteobacteria;Gammaproteobacteria;Enterobacterales;Pseudoalteromonadaceae;Psychrosphaera
Bacteria;Proteobacteria;Alphaproteobacteria;Rhizobiales;Rhizobiaceae;Daeguia
Bacteria;Proteobacteria;Gammaproteobacteria;Burkholderiales;Burkholderiaceae;Lautropia
Bacteria;Bacteroidota;Bacteroidia;Sphingobacteriales;Sphingobacteriaceae;Nubsella
Bacteria;Desulfobacterota;Desulfobulbia;Desulfobulbales;Desulfocapsaceae;Desulfotalea
Bacteria;Acidobacteriota;Acidobacteriae;Acidobacteriales;Acidobacteriaceae (Subgroup 1);Bryocella
Bacteria;Proteobacteria;Alphaproteobacteria;Rhodobacterales;Rhodobacteraceae;Lentibacter
Bacteria;Bacteroidota;Bacteroidia;Chitinophagales;Saprospiraceae;Rubidimonas
Bacteria;Planctomycetota;Planctomycetes;Planctomycetales;Rubinisphaeraceae;Planctomicrobium
Bacteria;Verrucomicrobiota;Verrucomicrobiae;Opitutales;Puniceicoccaceae;Pelagicoccus
Bacteria;Cyanobacteria;Cyanobacteriia;Phormidesmiales;Phormidesmiaceae;Phormidium MBIC10003
Bacteria;Proteobacteria;Alphaproteobacteria;Rhodobacterales;Rhodobacteraceae;Sulfitobacter
Bacteria;Verrucomicrobiota;Verrucomicrobiae;Opitutales;Puniceicoccaceae;Verruc-01
Archaea;Crenarchaeota;Nitrososphaeria;Nitrosopumilales;Nitrosopumilaceae;Candidatus Nitrosopumilus
Bacteria;Proteobacteria;Alphaproteobacteria;Caulobacterales;Parvularculaceae;Marinicaulis
Bacteria;Proteobacteria;Alphaproteobacteria;SAR11 clade;Clade I;Clade Ia
Bacteria;Proteobacteria;Alphaproteobacteria;Caedibacterales;Caedibacteraceae;Candidatus Nucleicultrix
Bacteria;Proteobacteria;Alphaproteobacteria;Rhodobacterales;Rhodobacteraceae;Oceanicella
Bacteria;Actinobacteriota;Actinobacteria;Micrococcales;Brevibacteriaceae;Brevibacterium
Bacteria;Proteobacteria;Alphaproteobacteria;Caulobacterales;Hyphomonadaceae;Hyphomonas
Bacteria;Myxococcota;Myxococcia;Myxococcales;Myxococcaceae;P3OB-42
Bacteria;Proteobacteria;Alphaproteobacteria;SAR11 clade;Clade I;Clade Ib
Bacteria;Proteobacteria;Gammaproteobacteria;Enterobacterales;Vibrionaceae;Grimontia
Bacteria;Proteobacteria;Gammaproteobacteria;Enterobacterales;Shewanellaceae;Ferrimonas
Bacteria;Bacteroidota;Bacteroidia;Flavobacteriales;Cryomorphaceae;Owenweeksia
Bacteria;Proteobacteria;Gammaproteobacteria;Pseudomonadales;Cellvibrionaceae;Agarilytica
Bacteria;Cyanobacteria;Cyanobacteriia;Cyanobacteriales;Cyanobacteriaceae;Geminobacterium
Bacteria;Firmicutes;Bacilli;Exiguobacterales;Exiguobacteraceae;Exiguobacterium
Bacteria;Proteobacteria;Gammaproteobacteria;Enterobacterales;Alteromonadaceae;Rheinheimera
Bacteria;Proteobacteria;Alphaproteobacteria;Rhodobacterales;Rhodobacteraceae;Vadicella
Bacteria;Proteobacteria;Gammaproteobacteria;Francisellales;Francisellaceae;Allofrancisella
Bacteria;Proteobacteria;Alphaproteobacteria;Caulobacterales;Hyphomonadaceae;Algimonas
Bacteria;Proteobacteria;Alphaproteobacteria;Thalassobaculales;Nisaeaceae;OM75 clade
Bacteria;Firmicutes;Clostridia;Peptostreptococcales-Tissierellales;Fusibacteraceae;Fusibacter
Bacteria;Gemmatimonadota;Gemmatimonadetes;Gemmatimonadales;Gemmatimonadaceae;Gemmatirosa
Bacteria;Bacteroidota;Bacteroidia;Cytophagales;Cyclobacteriaceae;Aureibacter
Bacteria;Bacteroidota;Bacteroidia;Flavobacteriales;Flavobacteriaceae;Psychroserpens
Bacteria;Proteobacteria;Alphaproteobacteria;Sphingomonadales;Sphingomonadaceae;Rhizorhapis
Bacteria;Proteobacteria;Gammaproteobacteria;Enterobacterales;Pasteurellaceae;Frederiksenia
Bacteria;Proteobacteria;Alphaproteobacteria;Sphingomonadales;Sphingomonadaceae;Porphyrobacter
Bacteria;Proteobacteria;Gammaproteobacteria;Pseudomonadales;Porticoccaceae;SAR92 clade
Bacteria;Proteobacteria;Alphaproteobacteria;Rhodobacterales;Rhodobacteraceae;Confluentimicrobium
Bacteria;Bacteroidota;Bacteroidia;Cytophagales;Bernardetiaceae;Bernardetia
Bacteria;Campylobacterota;Campylobacteria;Campylobacterales;Sulfurovaceae;Sulfurovum
Bacteria;Cyanobacteria;Cyanobacteriia;Cyanobacteriales;Paraspirulinaceae;Spirulina DRTO-55.2
Bacteria;Bacteroidota;Bacteroidia;Flavobacteriales;Flavobacteriaceae;Ichthyenterobacterium
Bacteria;Proteobacteria;Gammaproteobacteria;Burkholderiales;Comamonadaceae;Piscinibacter
Bacteria;Proteobacteria;Alphaproteobacteria;Defluviicoccales;Defluviicoccaceae;Defluviicoccus
Bacteria;Actinobacteriota;Actinobacteria;Micromonosporales;Micromonosporaceae;Asanoa
Bacteria;Bacteroidota;Bacteroidia;Flavobacteriales;Flavobacteriaceae;Myroides
Bacteria;Desulfobacterota;Desulfuromonadia;Desulfuromonadales;Geothermobacteraceae;Geothermobacter
Bacteria;Firmicutes;Clostridia;Lachnospirales;Lachnospiraceae;Anaerocolumna
Bacteria;Proteobacteria;Gammaproteobacteria;Pseudomonadales;Halieaceae;Marimicrobium
Bacteria;Proteobacteria;Gammaproteobacteria;Xanthomonadales;Xanthomonadaceae;Arenimonas
Bacteria;Actinobacteriota;Actinobacteria;Micrococcales;Microbacteriaceae;Herbiconiux
Bacteria;Proteobacteria;Gammaproteobacteria;Pseudomonadales;Pseudohongiellaceae;Pseudohongiella
Bacteria;Bacteroidota;Bacteroidia;Cytophagales;Flammeovirgaceae;Luteivirga
Bacteria;Proteobacteria;Gammaproteobacteria;Gammaproteobacteria Incertae Sedis;Unknown Family;Marinicella
Bacteria;Proteobacteria;Gammaproteobacteria;Enterobacterales;Shewanellaceae;Shewanella
Bacteria;Proteobacteria;Alphaproteobacteria;Rhizobiales;Rhizobiaceae;Mesorhizobium
Bacteria;Proteobacteria;Gammaproteobacteria;Burkholderiales;Comamonadaceae;Comamonas
Bacteria;Bacteroidota;Bacteroidia;Cytophagales;Cyclobacteriaceae;Fulvitalea
Bacteria;Chloroflexi;Anaerolineae;Anaerolineales;Anaerolineaceae;Anaerolineaceae UCG-001
Bacteria;Proteobacteria;Gammaproteobacteria;Burkholderiales;Alcaligenaceae;GKS98 freshwater group
Bacteria;Actinobacteriota;Coriobacteriia;Coriobacteriales;Atopobiaceae;Coriobacteriaceae UCG-002
Bacteria;Proteobacteria;Alphaproteobacteria;Rhizobiales;Beijerinckiaceae;Microvirga
Bacteria;Proteobacteria;Gammaproteobacteria;Pseudomonadales;Marinomonadaceae;Marinomonas
Bacteria;Proteobacteria;Alphaproteobacteria;Rhizobiales;Xanthobacteraceae;Pseudolabrys
Bacteria;Actinobacteriota;Actinobacteria;Propionibacteriales;Nocardioidaceae;Aeromicrobium
Bacteria;Actinobacteriota;Actinobacteria;Frankiales;Nakamurellaceae;Nakamurella
Bacteria;Cyanobacteria;Cyanobacteriia;Cyanobacteriales;Nostocaceae;Rivularia PCC-7116
Bacteria;Proteobacteria;Gammaproteobacteria;Nitrosococcales;Nitrosococcaceae;MSB-1D1
Bacteria;Proteobacteria;Alphaproteobacteria;Caulobacterales;Parvularculaceae;Hyphococcus
Bacteria;Bacteroidota;Bacteroidia;Chitinophagales;Chitinophagaceae;Sediminibacterium
Bacteria;Bacteroidota;Bacteroidia;Cytophagales;Hymenobacteraceae;Hymenobacter
Bacteria;Firmicutes;Clostridia;Clostridiales;Clostridiaceae;Clostridium sensu stricto 13
Bacteria;Proteobacteria;Gammaproteobacteria;Enterobacterales;Alteromonadaceae;Aliiglaciecola
Bacteria;Firmicutes;Clostridia;Peptostreptococcales-Tissierellales;Caminicellaceae;Paramaledivibacter
Bacteria;Firmicutes;Clostridia;Peptostreptococcales-Tissierellales;Peptostreptococcaceae;[Eubacterium] tenue group
Bacteria;Bacteroidota;Bacteroidia;Chitinophagales;Chitinophagaceae;Ferruginibacter
Bacteria;Proteobacteria;Alphaproteobacteria;Sphingomonadales;Sphingomonadaceae;Novosphingobium
Bacteria;Proteobacteria;Alphaproteobacteria;Caulobacterales;Hyphomonadaceae;Euryhalocaulis
Bacteria;Proteobacteria;Gammaproteobacteria;Xanthomonadales;Xanthomonadaceae;Luteimonas
Bacteria;Bacteroidota;Bacteroidia;Flavobacteriales;Flavobacteriaceae;Costertonia
Bacteria;Proteobacteria;Gammaproteobacteria;Chromatiales;Chromatiaceae;Candidatus Thiobios
Bacteria;Bacteroidota;Bacteroidia;Bacteroidales;Marinilabiliaceae;Carboxylicivirga
Bacteria;Proteobacteria;Alphaproteobacteria;Rhizobiales;Beijerinckiaceae;Chelatococcus
Bacteria;Proteobacteria;Alphaproteobacteria;Rhodobacterales;Rhodobacteraceae;Epibacterium
Bacteria;Desulfobacterota;Desulfobacteria;Desulfobacterales;Desulfosarcinaceae;Desulfosarcina
Bacteria;Proteobacteria;Alphaproteobacteria;Rhizobiales;Rhizobiaceae;Cohaesibacter
Bacteria;Actinobacteriota;Acidimicrobiia;Actinomarinales;Actinomarinaceae;Candidatus Actinomarina
Bacteria;Proteobacteria;Alphaproteobacteria;Caulobacterales;Hyphomonadaceae;Henriciella
Bacteria;Proteobacteria;Alphaproteobacteria;Rhizobiales;Devosiaceae;Maritalea
Bacteria;Actinobacteriota;Actinobacteria;Micrococcales;Intrasporangiaceae;Janibacter
Bacteria;Bacteroidota;Bacteroidia;Bacteroidales;Bacteroidaceae;Bacteroides
Bacteria;Proteobacteria;Alphaproteobacteria;Rhizobiales;Rhizobiaceae;Ahrensia
Bacteria;Proteobacteria;Gammaproteobacteria;Burkholderiales;Comamonadaceae;Variovorax
Bacteria;Proteobacteria;Alphaproteobacteria;Caulobacterales;Hyphomonadaceae;Oceanicaulis
Bacteria;Proteobacteria;Alphaproteobacteria;Rhodobacterales;Rhodobacteraceae;Tateyamaria
Bacteria;Firmicutes;Bacilli;Bacillales;Planococcaceae;Lysinibacillus
Bacteria;Actinobacteriota;Actinobacteria;Propionibacteriales;Propionibacteriaceae;Microlunatus
Bacteria;Campylobacterota;Campylobacteria;Campylobacterales;Sulfurimonadaceae;Sulfurimonas
Bacteria;Proteobacteria;Gammaproteobacteria;Cardiobacteriales;Wohlfahrtiimonadaceae;Ignatzschineria
Bacteria;Firmicutes;Clostridia;Lachnospirales;Lachnospiraceae;Epulopiscium
Bacteria;Proteobacteria;Alphaproteobacteria;Rhodobacterales;Rhodobacteraceae;Oceanobacterium
Bacteria;Proteobacteria;Alphaproteobacteria;Caulobacterales;Hyphomonadaceae;Robiginitomaculum
Bacteria;Proteobacteria;Alphaproteobacteria;Rhodobacterales;Rhodobacteraceae;Palleronia-Pseudomaribius
Bacteria;Proteobacteria;Alphaproteobacteria;Rhodobacterales;Rhodobacteraceae;Marinovum
Bacteria;Proteobacteria;Gammaproteobacteria;Nitrosococcales;Nitrosococcaceae;FS142-36B-02
Bacteria;Proteobacteria;Alphaproteobacteria;Rhodobacterales;Rhodobacteraceae;Tropicimonas
Bacteria;Bacteroidota;Bacteroidia;Flavobacteriales;Flavobacteriaceae;Mesoflavibacter
Bacteria;Proteobacteria;Gammaproteobacteria;Chromatiales;Chromatiaceae;Thiohalobacter
Bacteria;Proteobacteria;Alphaproteobacteria;Rhodobacterales;Rhodobacteraceae;Sagittula
Bacteria;Bacteroidota;Bacteroidia;Chitinophagales;Chitinophagaceae;Puia
Bacteria;Bacteroidota;Bacteroidia;Bacteroidales;Dysgonomonadaceae;Proteiniphilum
Bacteria;Bacteroidota;Bacteroidia;Cytophagales;Flammeovirgaceae;Algivirga
Bacteria;Proteobacteria;Gammaproteobacteria;Enterobacterales;Kangiellaceae;Pleionea
Bacteria;Firmicutes;Bacilli;Erysipelotrichales;Erysipelotrichaceae;[Anaerorhabdus] furcosa group
Bacteria;Firmicutes;Bacilli;Bacillales;Planococcaceae;Planomicrobium
Bacteria;Bacteroidota;Bacteroidia;Flavobacteriales;Flavobacteriaceae;Polaribacter
Bacteria;Firmicutes;Clostridia;Lachnospirales;Lachnospiraceae;Roseburia
Bacteria;Actinobacteriota;Actinobacteria;Streptosporangiales;Nocardiopsaceae;Nocardiopsis
Bacteria;Chloroflexi;Anaerolineae;Anaerolineales;Anaerolineaceae;Anaerolinea
Bacteria;Acidobacteriota;Vicinamibacteria;Vicinamibacterales;Vicinamibacteraceae;Luteitalea
Bacteria;Bacteroidota;Bacteroidia;Bacteroidales;Dysgonomonadaceae;Dysgonomonas
Bacteria;Proteobacteria;Gammaproteobacteria;Burkholderiales;Methylophilaceae;Methylotenera
Bacteria;Proteobacteria;Gammaproteobacteria;Burkholderiales;Burkholderiaceae;Burkholderia-Caballeronia-Paraburkholderia
Bacteria;Proteobacteria;Gammaproteobacteria;Enterobacterales;Aeromonadaceae;Aeromonas
Bacteria;Proteobacteria;Alphaproteobacteria;Rhodobacterales;Rhodobacteraceae;Sediminimonas
Bacteria;Cyanobacteria;Cyanobacteriia;Cyanobacteriales;Paraspirulinaceae;Spirulina P7
Bacteria;Verrucomicrobiota;Verrucomicrobiae;Chthoniobacterales;Chthoniobacteraceae;Chthoniobacter
Bacteria;Firmicutes;Clostridia;Oscillospirales;Ruminococcaceae;Faecalibacterium
Bacteria;Actinobacteriota;Actinobacteria;Corynebacteriales;Mycobacteriaceae;Mycobacterium
Bacteria;Bacteroidota;Bacteroidia;Flavobacteriales;Cryomorphaceae;Cryomorpha
Bacteria;Myxococcota;Polyangia;Haliangiales;Haliangiaceae;Haliangium
Bacteria;Proteobacteria;Alphaproteobacteria;Kordiimonadales;Kordiimonadales Incertae Sedis;Eilatimonas
Bacteria;Bacteroidota;Bacteroidia;Flavobacteriales;Flavobacteriaceae;Formosa
Bacteria;Desulfobacterota;Desulfobulbia;Desulfobulbales;Desulfocapsaceae;[Desulfobacterium] catecholicum group
Bacteria;Firmicutes;Bacilli;Lactobacillales;Aerococcaceae;Globicatella
Bacteria;Firmicutes;Bacilli;Lactobacillales;Aerococcaceae;Aerococcus
Bacteria;Gemmatimonadota;Gemmatimonadetes;Gemmatimonadales;Gemmatimonadaceae;Gemmatimonas
Bacteria;Proteobacteria;Alphaproteobacteria;Caulobacterales;Caulobacteraceae;Phenylobacterium
Bacteria;Proteobacteria;Gammaproteobacteria;Pseudomonadales;Nitrincolaceae;Marinobacterium
Bacteria;Proteobacteria;Alphaproteobacteria;Rhizobiales;Rhizobiaceae;Lentilitoribacter
Bacteria;Proteobacteria;Gammaproteobacteria;Pseudomonadales;Halieaceae;Luminiphilus
Bacteria;Actinobacteriota;Actinobacteria;Micrococcales;Microbacteriaceae;Galbitalea
Bacteria;Actinobacteriota;Actinobacteria;Micrococcales;Microbacteriaceae;Pseudoclavibacter
Bacteria;Proteobacteria;Alphaproteobacteria;Rhodobacterales;Rhodobacteraceae;Boseongicola
Bacteria;Proteobacteria;Alphaproteobacteria;Rhodobacterales;Rhodobacteraceae;Roseobacter
Bacteria;Proteobacteria;Alphaproteobacteria;Rhodobacterales;Rhodobacteraceae;Tropicibacter
Bacteria;Proteobacteria;Gammaproteobacteria;Xanthomonadales;Xanthomonadaceae;Vulcaniibacterium
Bacteria;Proteobacteria;Alphaproteobacteria;Kiloniellales;Kiloniellaceae;Pelagibius
Bacteria;Proteobacteria;Gammaproteobacteria;Enterobacterales;Vibrionaceae;Enterovibrio
Bacteria;Proteobacteria;Gammaproteobacteria;Burkholderiales;Comamonadaceae;Schlegelella
Bacteria;Firmicutes;Negativicutes;Veillonellales-Selenomonadales;Veillonellaceae;Dialister
Bacteria;Actinobacteriota;Actinobacteria;Propionibacteriales;Propionibacteriaceae;Granulicoccus
Bacteria;Bacteroidota;Bacteroidia;Flavobacteriales;Flavobacteriaceae;Gramella
Bacteria;Proteobacteria;Alphaproteobacteria;Rhodobacterales;Rhodobacteraceae;Leisingera
Bacteria;Firmicutes;Clostridia;Lachnospirales;Lachnospiraceae;Cellulosilyticum
Bacteria;Bacteroidota;Bacteroidia;Bacteroidales;Rikenellaceae;Rikenella
Bacteria;Desulfobacterota;Desulfovibrionia;Desulfovibrionales;Desulfovibrionaceae;Bilophila
Bacteria;Firmicutes;Clostridia;Lachnospirales;Lachnospiraceae;Dorea
Bacteria;Actinobacteriota;Actinobacteria;Propionibacteriales;Nocardioidaceae;Marmoricola
Bacteria;Desulfobacterota;Desulfobacteria;Desulfobacterales;Desulfobacteraceae;Desulfobacterium
Bacteria;Proteobacteria;Gammaproteobacteria;Pseudomonadales;Moraxellaceae;Faucicola
Bacteria;Actinobacteriota;Actinobacteria;Propionibacteriales;Propionibacteriaceae;Friedmanniella
Bacteria;Bacteroidota;Bacteroidia;Cytophagales;Flammeovirgaceae;Rapidithrix
Bacteria;Proteobacteria;Alphaproteobacteria;Rhodobacterales;Rhodobacteraceae;Wenxinia
Bacteria;Bacteroidota;Bacteroidia;Flavobacteriales;Weeksellaceae;Apibacter
Bacteria;Firmicutes;Bacilli;Lactobacillales;Aerococcaceae;Aerosphaera
Bacteria;Proteobacteria;Alphaproteobacteria;Acetobacterales;Acetobacteraceae;Acidiphilium
Bacteria;Proteobacteria;Gammaproteobacteria;Enterobacterales;Enterobacteriaceae;Lelliottia
Bacteria;Verrucomicrobiota;Omnitrophia;Omnitrophales;Omnitrophaceae;Candidatus Omnitrophus
Bacteria;Proteobacteria;Gammaproteobacteria;Pseudomonadales;Spongiibacteraceae;Sinobacterium
Bacteria;Proteobacteria;Alphaproteobacteria;Rhodobacterales;Rhodobacteraceae;Marivita
Bacteria;Proteobacteria;Gammaproteobacteria;Thiotrichales;Thiotrichaceae;Thiothrix
Bacteria;Cyanobacteria;Cyanobacteriia;Leptolyngbyales;Leptolyngbyaceae;Alkalinema CENA528
Bacteria;Proteobacteria;Alphaproteobacteria;Sphingomonadales;Sphingomonadaceae;Parasphingopyxis
Bacteria;Proteobacteria;Alphaproteobacteria;Rhizobiales;Methyloligellaceae;Methyloceanibacter
Bacteria;Proteobacteria;Alphaproteobacteria;Azospirillales;Azospirillaceae;Skermanella
Bacteria;Proteobacteria;Gammaproteobacteria;Enterobacterales;Enterobacteriaceae;Enterobacter
Bacteria;Planctomycetota;Planctomycetes;Gemmatales;Gemmataceae;Fimbriiglobus
Bacteria;Proteobacteria;Alphaproteobacteria;Rhizobiales;Stappiaceae;Roseibium
Bacteria;Desulfobacterota;Desulfobulbia;Desulfobulbales;Desulfocapsaceae;Desulfopila
Bacteria;Actinobacteriota;Actinobacteria;Actinomycetales;Actinomycetaceae;F0332
Bacteria;Bacteroidota;Bacteroidia;Chitinophagales;Chitinophagaceae;Parafilimonas
Bacteria;Proteobacteria;Alphaproteobacteria;Rhodobacterales;Rhodobacteraceae;Ascidiaceihabitans
Bacteria;Proteobacteria;Alphaproteobacteria;Rhodobacterales;Rhodobacteraceae;Albirhodobacter
Bacteria;Proteobacteria;Gammaproteobacteria;Beggiatoales;Beggiatoaceae;Candidatus Allobeggiatoa
Bacteria;Proteobacteria;Gammaproteobacteria;Enterobacterales;Psychromonadaceae;Aliagarivorans
Bacteria;Planctomycetota;Brocadiae;Brocadiales;Scalinduaceae;Candidatus Scalindua
Bacteria;Proteobacteria;Gammaproteobacteria;Enterobacterales;Yersiniaceae;Serratia
Bacteria;Proteobacteria;Gammaproteobacteria;Enterobacterales;Kangiellaceae;Aliikangiella
Bacteria;Bacteroidota;Bacteroidia;Bacteroidales;Marinilabiliaceae;Labilibacter
Bacteria;Planctomycetota;Phycisphaerae;Phycisphaerales;Phycisphaeraceae;Algisphaera
Bacteria;Proteobacteria;Gammaproteobacteria;Gammaproteobacteria Incertae Sedis;Unknown Family;Endothiovibrio
Bacteria;Proteobacteria;Gammaproteobacteria;Pseudomonadales;Endozoicomonadaceae;Zooshikella
Bacteria;Bacteroidota;Bacteroidia;Flavobacteriales;Flavobacteriaceae;Croceitalea
Bacteria;Proteobacteria;Alphaproteobacteria;Rhodospirillales;Rhodospirillaceae;Pararhodospirillum
Bacteria;Bdellovibrionota;Oligoflexia;Oligoflexales;Oligoflexaceae;Pseudobacteriovorax
Bacteria;Proteobacteria;Alphaproteobacteria;Rhodobacterales;Rhodobacteraceae;Ponticoccus
Bacteria;Bacteroidota;Bacteroidia;Flavobacteriales;Flavobacteriaceae;Hoppeia
Bacteria;Verrucomicrobiota;Verrucomicrobiae;Verrucomicrobiales;Rubritaleaceae;Haloferula
Bacteria;Proteobacteria;Alphaproteobacteria;Tistrellales;Geminicoccaceae;Candidatus Alysiosphaera
Bacteria;Proteobacteria;Alphaproteobacteria;Rhodobacterales;Rhodobacteraceae;Roseibacterium
Bacteria;Proteobacteria;Gammaproteobacteria;Burkholderiales;Oxalobacteraceae;Herminiimonas
Bacteria;Bacteroidota;Bacteroidia;Flavobacteriales;Flavobacteriaceae;Sungkyunkwania
Bacteria;Actinobacteriota;Actinobacteria;Micrococcales;Microbacteriaceae;Microcella
Bacteria;Cyanobacteria;Cyanobacteriia;Synechococcales;Cyanobiaceae;Cyanobium PCC-6307
Bacteria;Proteobacteria;Gammaproteobacteria;Enterobacterales;Alteromonadaceae;Catenovulum
Bacteria;Proteobacteria;Alphaproteobacteria;Rhodobacterales;Rhodobacteraceae;Tabrizicola
Bacteria;Proteobacteria;Alphaproteobacteria;Rhodobacterales;Rhodobacteraceae;Plastorhodobacter
Bacteria;Actinobacteriota;Actinobacteria;Micrococcales;Microbacteriaceae;Curtobacterium
Bacteria;Proteobacteria;Gammaproteobacteria;Burkholderiales;Chromobacteriaceae;Vogesella
Bacteria;Bacteroidota;Bacteroidia;Bacteroidales;Rikenellaceae;Rikenellaceae RC9 gut group
Bacteria;Bacteroidota;Bacteroidia;Cytophagales;Flammeovirgaceae;Flexithrix
Bacteria;Proteobacteria;Alphaproteobacteria;Rhodobacterales;Rhodobacteraceae;Jannaschia
Bacteria;Proteobacteria;Alphaproteobacteria;Rhodobacterales;Rhodobacteraceae;Thalassobius
Bacteria;Proteobacteria;Alphaproteobacteria;Rhodobacterales;Rhodobacteraceae;Donghicola
Bacteria;Proteobacteria;Alphaproteobacteria;Rhodobacterales;Rhodobacteraceae;Pontivivens
Archaea;Crenarchaeota;Nitrososphaeria;Nitrosopumilales;Nitrosopumilaceae;Cenarchaeum
Bacteria;Proteobacteria;Gammaproteobacteria;Tenderiales;Tenderiaceae;Candidatus Tenderia
Bacteria;Bacteroidota;Ignavibacteria;Ignavibacteriales;Melioribacteraceae;IheB3-7
Bacteria;Proteobacteria;Gammaproteobacteria;Nitrosococcales;Nitrosococcaceae;AqS1
Bacteria;Firmicutes;Bacilli;Erysipelotrichales;Erysipelatoclostridiaceae;Erysipelotrichaceae UCG-003
Bacteria;Proteobacteria;Gammaproteobacteria;Acidithiobacillales;Acidithiobacillaceae;KCM-B-112
Bacteria;Bacteroidota;Bacteroidia;Flavobacteriales;Cryomorphaceae;Phaeocystidibacter
Bacteria;Proteobacteria;Alphaproteobacteria;Rhodobacterales;Rhodobacteraceae;Aliiroseovarius
Bacteria;Proteobacteria;Alphaproteobacteria;Rhizobiales;Devosiaceae;Arsenicitalea
Bacteria;Myxococcota;Polyangia;Polyangiales;Sandaracinaceae;Sandaracinus
Bacteria;Planctomycetota;Phycisphaerae;Phycisphaerales;Phycisphaeraceae;AKYG587
Bacteria;Proteobacteria;Alphaproteobacteria;Rhodobacterales;Rhodobacteraceae;Pelagimonas
Bacteria;Proteobacteria;Alphaproteobacteria;Rhizobiales;Stappiaceae;Rhodothalassium
Bacteria;Bacteroidota;Bacteroidia;Cytophagales;Cyclobacteriaceae;Imperialibacter
Bacteria;Actinobacteriota;Actinobacteria;Frankiales;Geodermatophilaceae;Blastococcus
Bacteria;Actinobacteriota;Acidimicrobiia;Microtrichales;Ilumatobacteraceae;CL500-29 marine group
Bacteria;Fusobacteriota;Fusobacteriia;Fusobacteriales;Fusobacteriaceae;Psychrilyobacter
Bacteria;Bacteroidota;Bacteroidia;Cytophagales;Microscillaceae;Microscilla
Bacteria;Proteobacteria;Alphaproteobacteria;Rhodospirillales;Terasakiellaceae;Terasakiella
Bacteria;Proteobacteria;Gammaproteobacteria;Ectothiorhodospirales;Ectothiorhodospiraceae;Ectothiorhodosinus
Bacteria;Bacteroidota;Bacteroidia;Bacteroidales;Prolixibacteraceae;Draconibacterium
Bacteria;Bacteroidota;Bacteroidia;Sphingobacteriales;Sphingobacteriaceae;Sphingobacterium
Bacteria;Firmicutes;Clostridia;Peptostreptococcales-Tissierellales;Anaerovoracaceae;[Eubacterium] nodatum group
Bacteria;Proteobacteria;Gammaproteobacteria;Enterobacterales;Alteromonadaceae;Alteromonas
Bacteria;Firmicutes;Clostridia;Lachnospirales;Lachnospiraceae;Coprococcus
Bacteria;Proteobacteria;Alphaproteobacteria;Rhizobiales;Rhizobiaceae;Roseitalea
Bacteria;Proteobacteria;Alphaproteobacteria;Rhodobacterales;Rhodobacteraceae;Yoonia-Loktanella
Bacteria;Nitrospirota;Nitrospiria;Nitrospirales;Nitrospiraceae;Nitrospira
Bacteria;Desulfobacterota;Desulfovibrionia;Desulfovibrionales;Desulfovibrionaceae;Desulfovibrio
Bacteria;Firmicutes;Bacilli;Lactobacillales;Lactobacillaceae;Dellaglioa
Bacteria;Firmicutes;Clostridia;Oscillospirales;Ruminococcaceae;Subdoligranulum
Bacteria;Bacteroidota;Bacteroidia;Sphingobacteriales;Sphingobacteriaceae;Pedobacter
Bacteria;Firmicutes;Bacilli;Mycoplasmatales;Mycoplasmataceae;Candidatus Bacilloplasma
Bacteria;Proteobacteria;Gammaproteobacteria;Burkholderiales;Nitrosomonadaceae;oc32
Bacteria;Myxococcota;Polyangia;Polyangiales;Polyangiaceae;Pajaroellobacter
Bacteria;Campylobacterota;Campylobacteria;Campylobacterales;Campylobacteraceae;Campylobacter
Bacteria;Firmicutes;Bacilli;Erysipelotrichales;Erysipelotrichaceae;[Clostridium] innocuum group
Bacteria;Deinococcota;Deinococci;Thermales;Thermaceae;Thermus
Bacteria;Proteobacteria;Gammaproteobacteria;Legionellales;Legionellaceae;Legionella
Bacteria;Proteobacteria;Gammaproteobacteria;Pseudomonadales;Spongiibacteraceae;Spongiibacter
Bacteria;Campylobacterota;Campylobacteria;Campylobacterales;Arcobacteraceae;Halarcobacter
Bacteria;Proteobacteria;Alphaproteobacteria;Rhodobacterales;Rhodobacteraceae;Roseobacter clade NAC11-7 lineage
Bacteria;Bacteroidota;Bacteroidia;Bacteroidales;Marinifilaceae;Odoribacter
Bacteria;Proteobacteria;Gammaproteobacteria;Enterobacterales;Erwiniaceae;Erwinia
Bacteria;Proteobacteria;Gammaproteobacteria;Enterobacterales;Vibrionaceae;Candidatus Photodesmus
Bacteria;Firmicutes;Clostridia;Lachnospirales;Lachnospiraceae;Lachnoanaerobaculum
Bacteria;Proteobacteria;Alphaproteobacteria;Rickettsiales;Rickettsiaceae;Candidatus Trichorickettsia
Bacteria;Verrucomicrobiota;Verrucomicrobiae;Verrucomicrobiales;Verrucomicrobiaceae;Verrucomicrobium
Bacteria;Proteobacteria;Gammaproteobacteria;Enterobacterales;Alteromonadaceae;Neiella
Bacteria;Proteobacteria;Alphaproteobacteria;Rhodobacterales;Rhodobacteraceae;Maribius
Bacteria;Proteobacteria;Gammaproteobacteria;Cardiobacteriales;Wohlfahrtiimonadaceae;Koukoulia
Bacteria;Proteobacteria;Alphaproteobacteria;Rhodobacterales;Rhodobacteraceae;Pseudodonghicola
Bacteria;Proteobacteria;Gammaproteobacteria;Enterobacterales;Colwelliaceae;Litorilituus
Bacteria;Proteobacteria;Alphaproteobacteria;Rhodobacterales;Rhodobacteraceae;Pseudopelagicola
Bacteria;Proteobacteria;Alphaproteobacteria;Rhodobacterales;Rhodobacteraceae;Lutimaribacter
Bacteria;Proteobacteria;Alphaproteobacteria;Rhodobacterales;Rhodobacteraceae;Aestuariicoccus
Bacteria;Proteobacteria;Gammaproteobacteria;Enterobacterales;Pasteurellaceae;Conservatibacter
Bacteria;Proteobacteria;Alphaproteobacteria;Rhizobiales;Xanthobacteraceae;Nitrobacter
